period close,Grant Kiehne,Simon Thornington,Szilvia Hegyi,Michael Van Kleeck,Spencer Singleton,Pravin Bezwada,Kevin Quilliam,Robert Shanks
2013-01-14,0.0010832,-0.01867578,-0.00118404,-0.00036486,-0.00187119,-0.00642918
2013-01-15,-0.00346205,0.00140375,0.00104801,0.00107269,-0.00066596,-0.00172446
2013-01-16,0.00471557,-0.00036881,0.00419913,0.00168001,0.00732736,-8.707e-05
2013-01-17,0.0040034,2.979e-05,-0.00143037,-0.0007968,-0.00299103,-0.00545987
2013-01-18,-0.00235822,0.00343812,-0.00160397,0.00126535,-0.00013716,-0.00693509
2013-01-22,0.00658791,-0.00262656,0.00209077,0.00211121,-0.00017778,0.00579378
2013-01-23,0.0076303,0.00035971,0.00517438,0.00170651,0.00570382,0.00295429
2013-01-24,-0.01605845,0.00071684,0.00045813,-0.00120196,-0.000594,-0.01398503
2013-01-25,0.00370081,0.00094327,0.00013855,-0.00078629,0.00349602,-0.00475649
2013-01-28,0.00640189,-9.776e-05,0.00270669,0.00189442,0.00686275,0.00368782
2013-01-29,0.00459167,-0.00057536,0.00483226,-0.00151551,0.01486036,0.0016753
2013-01-30,-0.00348155,0.00501576,0.00640436,-0.00142011,0.00301782,0.003864
2013-01-31,-0.00192712,0.00118839,-0.00037263,0.00030291,0.005559,-0.00644964
2013-02-01,0.00811079,-0.00116881,0.00623673,0.00078172,0.00910975,-0.00127056
2013-02-04,-0.01338908,-0.00391879,-0.0102904,0.00222836,-0.00013575,-0.00272614
2013-02-05,0.01698697,-0.0025738,0.01167663,0.0024395,0.00610376,0.00039395
2013-02-06,-0.00267628,0.00041464,0.00324513,0.00049018,0.00583901,0.00813751
2013-02-07,0.00118212,-0.00331208,0.00501417,0.00259526,0.00825082,-0.00170769
2013-02-08,0.008718,-0.00082225,0.00193543,-0.00017273,0.00592526,-0.00381669
2013-02-11,-0.00246706,-0.00029957,0.00182461,8.744e-05,0.00271072,-0.00306908
2013-02-12,0.0022213,-0.0001671,0.00165383,-0.00090159,-0.00279521,-0.00789855
2013-02-13,0.01369273,-0.00033139,3.625e-05,-0.00087876,-0.0038523,0.01044371
2013-02-14,0.0056033,-0.0006842,0.00558242,0.00214248,0.00819403,0.00097191
2013-02-15,-0.0073605,0.00169318,0.00460597,0.00060266,-0.00079627,-0.0020625
2013-02-19,0.00716531,-0.00037487,0.0037289,-0.00064433,-0.00141701,0.00711161
2013-02-20,-0.00904139,0.00643472,0.00203137,-0.00139972,-0.01012228,0.00669737
2013-02-21,-0.00471708,-0.00391912,0.00359382,0.00330151,-0.00058385,0.00303308
2013-02-22,0.00870281,0.0001395,0.00246398,-0.00075441,0.00098535,-0.00330132
2013-02-25,-0.00458349,0.00834463,-0.0117416,0.00116113,-0.00671583,0.00532745
2013-02-26,0.00631288,0.00496604,0.00383014,-0.00045744,0.00057036,-0.00154561
2013-02-27,0.01121902,-0.00977818,0.01430738,0.00058843,0.0028964,-0.00900073
2013-02-28,0.00132812,-0.0013407,0.00048148,0.00020951,-0.00189952,0.00362184
2013-03-01,0.00153053,0.00151738,0.00427316,0.0014883,0.0026048,-0.00124976
2013-03-04,0.00090079,0.00191925,0.00673018,0.00158039,0.00381311,-0.00491112
2013-03-05,0.01339424,-0.00178606,0.01536512,-8.276e-05,0.00298837,0.00493787
2013-03-06,-0.00226526,-7.8e-06,0.00266145,-0.00083909,-0.00465933,-0.0062601
2013-03-07,0.0054106,-0.00216596,0.00484795,-0.00037332,0.00149759,0.00056086
2013-03-08,0.00012433,0.00112677,0.00628203,0.00028026,0.00027866,-0.0047074
2013-03-11,0.00481969,3.8e-06,0.00210521,0.00099662,-0.00470116,-0.00731201
2013-03-12,-0.00619185,0.004878,0.00222186,0.0015257,0.00565696,-0.00164738
2013-03-13,0.0030847,-0.00298335,0.00607729,0.00201362,-0.01087256,0.00262342
2013-03-14,0.00270173,-0.00075234,0.0050295,-0.00123777,-0.00109714,-0.00871689
2013-03-15,0.00244645,0.00141079,0.00108106,-0.0021535,0.00549675,-0.00075943
2013-03-18,0.00098727,0.00287404,0.00103922,0.00200865,-0.00099094,0.00058528
2013-03-19,0.00025099,-0.00678579,0.00578299,0.00096792,-0.00175101,0.00850935
2013-03-20,0.00655568,-0.00253017,0.0038047,0.00028608,0.00561056,-0.00463887
2013-03-21,-0.00790506,0.00180029,0.00097352,8.278e-05,-0.00032235,0.0019132
2013-03-22,0.02628732,-0.00092038,0.00310302,0.00024176,0.0003575,-0.00272429
2013-03-25,-0.00104645,0.00118654,0.00033346,0.00266737,-0.00520801,0.00955772
2013-03-26,0.00825366,-0.00309129,0.00392685,0.00015862,0.00476816,-0.00575325
2013-03-27,0.00299365,0.00072223,0.00116211,0.00110208,0.00180495,0.00010146
2013-03-28,-0.00066362,0.00113429,0.00364011,-0.00029235,0.00710561,-0.0065796
2013-04-01,-0.00903709,0.00145552,0.00447995,0.00324606,-0.00647811,-0.00483937
2013-04-02,0.01058604,-3.931e-05,0.00678446,-0.00118865,-0.00664175,0.01178568
2013-04-03,-0.00656961,0.00395333,0.00612364,-0.00143662,-0.0120323,0.00718766
2013-04-04,-0.00277416,-0.0046975,0.00251276,-0.00102813,-0.00071947,-0.00511552
2013-04-05,-0.01118199,0.00041958,0.0005053,-0.00013896,0.00231942,-0.00694315
2013-04-08,0.00602965,-0.00097446,0.00132051,0.00123032,0.00535734,-0.00181695
2013-04-09,0.00742507,0.00024975,0.00175765,-0.00059088,0.00318667,-0.0055613
2013-04-10,0.01764026,6.316e-05,0.00415884,-0.00010008,7.03e-05,0.0056906
2013-04-11,0.00506793,0.00094625,-0.00090848,-0.0010207,-0.0111019,0.00549332
2013-04-12,-0.00250777,-0.00080126,0.00785538,0.00069234,-0.00211182,-0.00109538
2013-04-15,-0.01725316,0.01387122,0.01010539,-0.0012037,-0.01110932,-0.00022913
2013-04-16,0.01303295,0.06094898,-0.00083005,-0.00014241,0.01626675,-0.0090363
2013-04-17,-0.02477466,-0.00901379,0.00240867,0.00145621,-0.00610291,-0.00522388
2013-04-18,-0.01699745,0.00557516,-0.00187168,-0.0016897,-0.00407392,0.00513553
2013-04-19,0.01267501,0.00752938,0.01033606,-0.00015926,-0.00088244,0.01452949
2013-04-22,0.00959252,-0.00292226,0.00516934,0.00032614,0.0084808,-0.00533348
2013-04-23,0.01309532,-0.00137556,0.01271513,-0.00022118,0.00322578,-0.00930279
2013-04-24,0.00447026,0.00099053,0.00581221,-0.00314694,0.01033025,0.00432019
2013-04-25,0.00237439,-0.00138418,0.01446583,-0.00059139,0.00088233,-0.00736425
2013-04-26,0.00148784,-0.0003022,-0.00075448,-0.00014987,-0.0047051,0.00020246
2013-04-29,0.01030785,-0.00352733,0.00851205,-0.00199174,0.00373018,-0.0042008
2013-04-30,0.00547174,0.00182881,0.0072528,0.00106541,-0.0032169,-0.00077486
2013-05-01,-0.00582524,0.00341543,-0.00670539,-0.00083255,-0.00790594,-0.00860097
2013-05-02,0.01419977,-0.00033676,0.00445099,0.00185213,0.01148942,0.0029301
2013-05-03,0.01611241,-0.00077813,0.01336073,-0.00014199,0.00467195,0.01486715
2013-05-06,0.00109145,-0.00148425,0.00330594,0.00150229,0.01215869,-0.00882757
2013-05-07,0.00031593,0.00139117,0.00570982,0.00068406,0.01029974,0.00106415
2013-05-08,0.01000603,0.00013657,0.0100162,-0.00206018,-0.00430592,-0.01780546
2013-05-09,-0.0013355,0.00079412,0.00290944,0.0026474,-0.00698688,-0.0088645
2013-05-10,0.01175911,-0.00069645,0.00348426,0.00142222,-0.00144036,0.00557307
2013-05-13,0.00672666,-0.00086052,0.00246382,0.00107167,0.00423417,0.02089861
2013-05-14,0.00861833,0.00045832,0.00844812,0.00373669,0.00360341,0.00327448
2013-05-15,-0.00183671,0.00075006,0.00671499,0.000984,0.00476852,-0.0012113
2013-05-16,-0.00126841,-4.404e-05,-0.00302644,0.00055395,0.00129527,0.00851677
2013-05-17,0.0059045,0.00172969,0.00824522,0.00167801,0.01362061,0.00578312
2013-05-20,-0.00544797,8.964e-05,-0.00247425,-0.00204304,-0.00201856,0.00386913
2013-05-21,0.00298159,0.00078456,-0.00075342,0.00012849,-0.00954405,0.00149779
2013-05-22,-0.00065741,-0.00021133,0.00027092,0.00080103,1.362e-05,-0.00069185
2013-05-23,0.00072607,-0.00165305,0.00010403,0.00412283,-0.00099849,0.00160308
2013-05-24,0.00201134,0.0005183,0.00136118,0.00326313,-0.00225345,-0.00193659
2013-05-28,0.00313943,-0.00142886,0.00568455,0.0013765,0.00310367,0.00020127
2013-05-29,-0.00233597,0.000319,0.00101954,0.00106397,-0.000811,-0.006492
2013-05-30,0.00516626,0.00017866,0.00347492,0.0005608,-0.00209724,-0.0024207
2013-05-31,-0.01621055,0.00252643,-0.01340559,0.0015962,0.00409636,-0.00070424
2013-06-03,0.00515266,-0.01110188,0.00337253,-0.00023606,-0.00733892,-0.00544531,-0.00295903
2013-06-04,-0.00491646,0.00255484,-0.00416352,-0.00208361,0.00568129,-0.00370444,0.00586543
2013-06-05,-0.01816562,0.0021263,-0.0166202,0.00254529,-0.00153661,-0.00540974,-0.00228133
2013-06-06,0.00638386,-0.00695794,0.00908979,0.00107038,-0.00813601,0.01021874,-0.00033873
2013-06-07,0.01406752,-0.00713765,0.00870287,0.00210148,-0.00908525,-0.00034803,0.00077951
2013-06-10,-0.00089931,0.00404178,-0.00011589,0.0007067,-0.00570476,-0.00530494,0.00680494
2013-06-11,-0.00851142,1.87e-05,-0.0008452,0.00103437,-0.00684252,-0.00357587,0.00735894
2013-06-12,-0.01130123,-0.0014794,-0.00284081,-0.0026158,-0.00576766,0.00642712,0.0050219
2013-06-13,0.01416081,0.00453572,0.00886594,-1.844e-05,0.01382458,0.00493406,-0.00061494
2013-06-14,-0.00719543,0.00153461,-0.00493962,0.0020441,-0.00418141,-0.00048707,-0.00499708
2013-06-17,0.01137733,0.0022405,0.00323999,-0.00157014,-0.00698891,-0.00178444,0.00146057
2013-06-18,0.00961793,0.00036318,0.00460835,0.00103177,0.00092274,-0.00218906,-0.00115105
2013-06-19,-0.01504419,-0.00248429,-0.00341614,0.00217749,-0.003197,0.00128847,-0.01108596
2013-06-20,-0.02217391,0.01118862,-0.01047369,0.00371281,0.0030391,-0.00877485,0.0028556
2013-06-21,-0.00104154,-0.0046824,0.00281192,-0.00347876,0.00851465,-0.00283277,0.00562617
2013-06-24,-0.01196087,0.00670648,-0.0027337,0.00229898,-0.00182462,-0.00502016,0.00472264
2013-06-25,0.00792528,0.00258899,0.00456518,-0.00118074,-0.0006827,0.01076783,-0.0059123
2013-06-26,0.0104418,-0.00063191,0.01439683,0.00146487,0.00192072,0.00243173,-0.01057136
2013-06-27,-0.0016072,-0.00018329,0.00798428,0.00408902,-0.00596477,-0.00562762,-0.00309183
2013-06-28,0.00359195,-0.00154982,0.00035887,-0.00319499,0.00787677,0.00059545,0.0012234
2013-07-01,0.009105,0.00070737,0.010406,0.00013452,8.42e-05,-0.00247956,-0.00124676
2013-07-02,0.00422192,-0.00215997,-0.00295157,0.00224013,-0.00190767,-0.00570083,0.00473874
2013-07-03,0.00185662,-4.885e-05,0.00073358,0.00114922,-0.00252282,1.49e-05,0.0002261
2013-07-05,0.00691352,0.0018038,0.01079525,0.0029372,-0.00662195,0.00117196,0.00214082
2013-07-08,-0.00250653,-0.0009473,0.00689914,0.00054932,-0.01288865,0.00231869,0.00074382
2013-07-09,0.00326578,-0.00030436,0.00995456,0.00060893,-0.00203588,-0.00424343,0.00371553
2013-07-10,0.00973735,0.00265884,-0.00047462,0.00035109,-2.18e-05,-0.00900917,0.00139254
2013-07-11,0.01851855,-0.00207835,0.01273479,-0.00531843,-0.0017221,0.01066628,-0.00245663
2013-07-12,0.00091837,0.00118524,-0.00043978,0.00317575,0.01778204,0.01004515,-0.00242952
2013-07-15,-0.00239695,-0.00172346,0.00141235,-0.00134048,-0.00639629,-0.00749221,-0.00287849
2013-07-16,0.00134084,0.00344173,-0.00416306,-0.00172198,0.00856588,-0.00602492,0.00300793
2013-07-17,0.00874943,-0.00068874,0.00315886,-0.00032857,0.0002311,0.00368503,0.00470359
2013-07-18,-0.00435376,-0.00036614,0.00981783,0.00124177,-0.00489464,-0.0128811,0.00414278
2013-07-19,0.00613371,0.00018604,0.00053463,0.00146058,0.02078756,0.00062971,0.00821658
2013-07-22,0.00083909,0.00162133,0.00365116,-0.00168896,0.00370175,0.00540946,0.00185791
2013-07-23,-0.0015101,-0.00199412,0.00026471,-0.00210166,-0.00215123,0.00258112,-0.00834957
2013-07-24,-0.00183206,0.00168793,0.00661291,-0.00052344,0.002213,-0.00554997,-0.00452358
2013-07-25,0.00521433,-0.00058716,0.0081361,-4.948e-05,-0.00384926,0.0037424,0.01955761
2013-07-26,0.0056106,-0.00161599,0.00237706,0.00263454,-0.00406921,0.00597021,0.0107369
2013-07-29,-0.0015461,0.0013973,-0.00201578,0.0024216,-0.0072462,0.00497515,0.00104611
2013-07-30,0.00150407,-4.767e-05,0.00495309,0.00066343,0.00552757,-0.00211089,-0.00426087
2013-07-31,0.00358619,0.00167503,0.0092812,0.00204949,0.0006682,0.00927683,-0.00498728
2013-08-01,0.01526319,-0.00270045,0.00108222,-0.00038979,-0.00643506,0.015446,-0.00478351,0.00778203
2013-08-02,0.00395617,0.00110177,0.00518248,-0.00150289,0.00050751,-0.00585609,0.00101574,0.00934953
2013-08-05,-0.00754084,0.00065364,0.00194769,0.00045588,-0.00112286,0.00304045,4.188e-05,0.00746195
2013-08-06,-0.0039019,0.00017712,0.0014687,-0.00100697,0.00051277,0.00066432,-0.00291845,-0.00195316
2013-08-07,-0.00039092,-0.00125473,0.00020797,0.00094717,0.00190574,-0.00040984,-0.00320639,0.00165251
2013-08-08,0.00073891,-0.00257194,-0.00055052,-0.0029252,-0.0042007,0.00354312,-0.00149213,-0.00392132
2013-08-09,-0.00204758,0.00202024,-0.00082349,-0.00221101,0.00319895,-0.00097383,-0.00051339,0.0065331
2013-08-12,0.00114696,0.00019726,0.00010978,-0.00035243,-0.00361334,-0.00050328,0.0013315,0.00022568
2013-08-13,-0.00437939,-0.00031448,0.00499252,-0.00114936,-0.00424899,-0.00084732,0.00174781,-0.00189817
2013-08-14,-0.00517335,0.00072811,-1.339e-05,-0.00243356,-0.00186293,-0.00146334,0.00630115,-0.00606573
2013-08-15,-0.01709861,-0.00025266,0.00621614,-0.00283686,-0.00777413,-0.0046593,0.00058765,0.0016858
2013-08-16,-0.00297084,0.00260417,0.00310969,-0.00097621,-0.00312471,0.0017472,0.00225422,-0.0042907
2013-08-19,0.00308989,-0.00375211,0.00296741,0.00118806,0.00469664,-0.00373328,-0.0026428,0.00269425
2013-08-20,0.00382057,0.00081783,0.00448666,0.00253714,0.00106718,0.00516979,-0.000398,0.00045059
2013-08-21,-0.00805958,-0.00347024,-0.00292803,0.00262009,0.00127454,0.00567078,0.00102705,0.00277672
2013-08-22,0.01012681,0.0025816,0.00835448,-0.00068387,0.00013059,0.00143867,2.232e-05,4.565e-05
2013-08-23,0.00718169,0.00016736,-0.00199823,-0.00184748,0.00163647,-0.00036504,-0.0029109,-0.00455579
2013-08-26,-0.00222976,-0.00213715,0.00021325,0.00162654,0.00049351,-0.00137664,0.00148279,-0.00618484
2013-08-27,-0.01424305,-0.00385524,0.0032618,0.00040308,0.00257242,-0.00589382,5.548e-05,-0.00985638
2013-08-28,0.00348848,0.00304943,-0.00054869,0.00182494,-0.00222322,-0.00526709,0.00095594,-0.00608226
2013-08-29,0.00109346,-0.00165268,0.00454285,0.00064707,-0.00085043,0.00587658,-0.00158508,0.0056774
2013-08-30,-0.00533849,-0.00054098,-0.00033708,0.00125574,0.00176002,-0.00473247,0.00241275,-0.00753623
2013-09-03,0.00476952,-8.861e-05,0.00126659,-0.00376931,-0.00465347,0.00451499,0.00375374,0.00302238
2013-09-04,0.01045229,0.00181835,0.00099104,-0.0005388,0.00231356,-0.00130603,0.00171702,-0.0055608
2013-09-05,-0.00155466,0.00040793,0.00429963,-0.00060336,-0.00547331,-0.00235405,-0.00121403,0.00085134
2013-09-06,1.594e-05,-0.0023566,0.00596467,-0.0023673,0.00466778,-7.112e-05,-9.992e-05,0.00911354
2013-09-09,0.01107997,0.00255776,0.00911993,-0.00220116,0.00076376,-0.0026176,-0.00195484,-0.00708248
2013-09-10,0.01270336,1.668e-05,0.0132172,-0.00101842,-0.00196194,-0.00151859,-0.00103306,-0.00214697
2013-09-11,0.00737482,-0.00087352,0.00492694,0.00019371,-0.00172371,-0.00472443,0.00071432,-0.00673092
2013-09-12,0.00355915,0.00195896,-0.00269583,0.00178688,0.00041896,-0.00525734,0.00155617,0.0027237
2013-09-13,0.00106098,0.00115824,0.00718362,-0.00112735,0.00118419,0.0068309,0.00122094,-0.00490019
2013-09-16,-0.00564795,-0.00182628,0.01172535,-0.00068752,0.00099233,-0.00576072,0.00290848,-0.00708012
2013-09-17,0.00550815,0.0007697,0.00427485,0.00175332,-0.00059929,-0.00435045,0.00022653,0.0042038
2013-09-18,0.01432104,-0.00168239,0.01462657,-0.00627225,0.00368026,0.00316252,-0.00210937,0.00141364
2013-09-19,0.00596506,0.00071803,-0.00377137,0.00111211,-0.0073531,0.004724,-0.00373545,0.00508385
2013-09-20,-0.0107911,-0.00130232,-0.00587053,-0.00092181,-0.0049855,0.00321227,0.00097621,0.00984731
2013-09-23,0.01725454,-0.00026577,-0.00259359,-0.00167013,-0.00084733,0.00051994,0.00141337,0.00335076
2013-09-24,-0.00033538,-0.00093643,-0.0037496,0.00033258,-0.00682683,0.00819918,0.00106539,0.00411517
2013-09-25,-0.0072913,0.00171341,-0.00140354,-0.00091989,0.00301205,0.00387085,-0.00114909,0.00216663
2013-09-26,0.00695689,0.00153132,0.00485005,2.653e-05,-0.00832181,-0.00183077,-0.00191736,0.00452799
2013-09-27,0.00069009,9.037e-05,-0.00094474,-0.00025533,0.01867866,0.00303723,0.00022449,-0.00049779
2013-09-30,-0.00427735,-0.00199761,-0.00409468,0.0005579,-0.00426001,-0.00442431,0.0015523,-0.00426909
2013-10-01,0.01210631,0.00308779,0.0045344,3.402e-05,-0.00135457,0.00054211,0.00044775,0.00214863
2013-10-02,0.00064381,0.00137076,1.878e-05,-0.00076284,0.00125176,0.00511698,-0.00021777,0.0138828
2013-10-03,-0.00856554,-0.00332143,-0.00108604,-0.00149386,-0.00234019,0.00343894,0.00290286,-0.00110907
2013-10-04,0.00738981,-0.00095387,-3.458e-05,0.00132986,-0.00510537,-0.00176977,0.00012197,-0.00226497
2013-10-07,-0.00815496,0.0036876,0.00149472,0.00030098,0.00528363,-0.00296999,0.00264967,0.00215899
2013-10-08,-0.01437125,-0.00075025,0.00468787,-0.0019961,0.01490637,-0.00421589,0.00051351,-0.00092586
2013-10-09,-0.00187654,0.00227805,0.0009927,-0.00155726,-0.00077313,0.00158892,0.00691422,0.0014955
2013-10-10,0.02633258,-0.00381071,0.0234548,0.00165952,0.00196481,0.00810843,0.00038406,0.00223755
2013-10-11,0.00725704,-0.00634369,0.00561124,0.00064757,0.00021544,0.00706968,-0.00432911,0.00488977
2013-10-14,0.00517215,-0.00034888,0.00369219,0.00028124,0.00230548,-0.0022856,0.00122262,-0.00085423
2013-10-15,-0.00345467,0.00014294,-0.0011236,-0.00051891,0.00772369,0.00046226,-0.00107082,0.00661703
2013-10-16,0.01220428,0.01270898,0.0093045,0.00304436,0.00418076,0.00358195,0.00181841,-0.00053877
2013-10-17,0.00514743,-0.00027924,0.0152687,-0.00178908,0.00438251,0.01127996,-0.0016355,-0.00145176
2013-10-18,0.01556597,0.00333786,0.00588382,0.00114326,0.01137147,0.01104348,0.00091964,0.01994381
2013-10-21,-0.00222144,-0.00074843,0.00159306,-0.00046992,-0.00013526,0.00120162,-0.00797482,0.00010724
2013-10-22,0.00635211,-0.00097826,0.00872489,-0.00137253,0.00343615,0.00303365,-0.00070588,0.00456577
2013-10-23,-0.00734185,-0.00097911,0.00748973,0.00313196,0.00389461,0.00121013,-0.00093509,0.01045005
2013-10-24,0.01103027,-0.00271096,0.00713387,-0.00069363,-0.01902378,-0.00405138,8.812e-05,-0.00133051
2013-10-25,0.01685988,0.0003848,0.00983644,0.00258325,0.0072987,0.00013711,-0.00097128,0.00109245
2013-10-28,-0.0033872,0.00090931,0.0029214,0.00092935,-5.657e-05,-0.00297806,0.00311906,-0.00618696
2013-10-29,0.0121564,0.00201441,0.00302657,0.00166121,-0.00948792,0.00420649,-0.00176851,-0.00851926
2013-10-30,-0.00062408,0.00042443,-0.00139591,-0.00055346,0.00329359,0.00689139,0.00025834,0.00590775
2013-10-31,-0.00055421,-0.00367975,0.00208055,0.00283335,-0.00189399,-0.0044846,-0.00086499,0.00257588
2013-11-01,0.0020219,0.00208531,0.00344889,0.00281188,0.00074381,-0.00090422,0.00392355,0.00214129
2013-11-04,0.00021993,-0.00125107,0.00501524,-0.00043489,-0.00260832,-0.00019777,-0.00177982,0.00061982
2013-11-05,0.00307896,5.7e-06,0.00782555,0.00328328,0.00478452,-0.0032341,0.00169554,0.00187277
2013-11-06,0.00692813,0.00174742,0.002525,-0.00110187,0.00414235,-0.00953496,-0.00091762,-0.01123462
2013-11-07,-0.00966559,0.00136411,-0.00561758,0.00115972,0.00257941,-0.00439624,-0.00406044,-0.00283704
2013-11-08,0.01293902,0.00474526,0.01804186,0.00403594,-0.01247293,0.00197987,-0.00091722,-0.00627237
2013-11-11,-2.227e-05,-0.00210992,0.00184932,0.00012194,0.001708,0.00122674,5.818e-05,0.00210901
2013-11-12,0.00150338,0.00103918,-0.00410844,0.00065248,0.00060418,0.00027452,0.0001235,0.00036481
2013-11-13,0.01025692,0.00010004,0.0066034,0.00226963,0.00079587,0.00625811,0.00125686,0.00159761
2013-11-14,0.01129229,-4.345e-05,0.00670632,-0.00026046,0.00371738,0.00638554,-0.0011321,-0.00390527
2013-11-15,0.00342973,-0.00028026,0.00267659,-0.00217219,-0.00143958,-0.00373966,0.0065846,0.00243392
2013-11-18,-0.00475014,-0.00115237,-0.00054544,-0.00217446,-0.00274397,-0.00175324,-0.00037818,-0.00059663
2013-11-19,0.00084085,0.00023092,0.00100436,0.00052842,0.00348135,-0.00607387,0.00227612,0.00119963
2013-11-20,-0.00305821,-0.00151912,-0.00034322,0.00181204,0.00020043,-0.0038445,-0.00126339,-0.00087062
2013-11-21,0.00528631,0.00137213,0.0093631,0.00171568,-0.00457135,0.00305698,-0.00053444,-0.00588767
2013-11-22,0.0083285,0.00037347,0.00492186,0.00058259,-0.00506324,0.00479455,-0.00239975,0.0043225
2013-11-25,0.00241427,0.00147719,0.00139752,0.00187151,-0.00286195,-9.336e-05,0.00167727,0.00445209
2013-11-26,0.00097684,-0.00138396,0.00257068,9.082e-05,0.00356362,0.00283484,-0.00038906,0.00356583
2013-11-27,0.00533088,0.0002213,0.00013204,-0.00031666,0.00930978,0.00367808,0.00089725,0.00201344
2013-11-29,0.00096782,0.00034225,-0.00035042,-0.00182795,-0.00416801,-0.00028003,0.00031111,-0.00224912
2013-12-02,-0.00273717,-0.0009131,0.00115974,0.00272666,0.00104812,-0.00035471,0.00318518,0.00375421
2013-12-03,-0.00408497,-0.00385558,0.00143367,0.00103634,0.00880797,0.00019805,-0.00065777,0.00106418
2013-12-04,0.00027221,0.00068681,-0.00192467,0.00125841,0.003917,-0.00871597,0.00402991,-0.00560944
2013-12-05,-0.0018519,0.00148766,0.00114415,0.00014823,-0.0037086,-0.00357349,0.00065644,-0.00114677
2013-12-06,0.01454629,0.0005925,0.00596407,-0.00073342,0.00820083,-0.00109384,-0.00055077,-0.00170305
2013-12-09,0.00133735,0.00073412,-0.00012928,0.00145306,-0.00210305,-0.00401713,0.00133378,0.00330586
2013-12-10,-0.00154581,-0.00061727,0.00355419,-0.00096543,0.00362293,-0.00149995,-0.0015995,-0.00361435
2013-12-11,-0.01307414,0.00215901,0.00159261,-0.00079152,0.00342222,-0.00050754,0.00025257,0.00163879
2013-12-12,-0.00756837,-0.00113989,0.00181447,0.00169761,-0.00260518,0.00220101,0.00266916,0.00282623
2013-12-13,-0.00285426,-0.00081361,0.00145434,-0.00012159,-0.00265427,-0.00203098,-0.00093584,-0.01663922
2013-12-16,0.0094121,1.506e-05,0.00357434,5.66e-06,0.00417464,0.00228934,-0.00164611,0.00871321
2013-12-17,0.00059455,0.00080344,-0.00461493,0.00052748,-0.00433567,0.00568134,0.00222791,0.00201724
2013-12-18,0.01463107,0.00330677,0.01690755,0.00425738,-0.00163681,0.00059293,0.00097386,0.00785372
2013-12-19,0.00059429,-0.00411111,0.0026674,0.00077958,-0.00250394,-0.00589858,-0.00266076,-0.00131615
2013-12-20,0.00780284,0.00184146,0.00864237,-0.00101571,-0.00400582,0.01293781,-0.00020815,-0.01363063
2013-12-23,0.00702718,-9.455e-05,0.003348,-0.00157454,-0.00714414,0.00375953,-0.00228731,-0.00108964
2013-12-24,0.00208089,0.00017037,-0.00081551,0.0001518,0.00610894,-0.00311262,0.0004317,-0.0047646
2013-12-26,0.00864414,0.0006525,0.00120627,0.00093125,0.00167334,0.00028603,0.00049241,-0.00591307
2013-12-27,0.00072257,0.0009045,-0.00101932,-0.00300339,-0.00118971,-0.0024722,-0.0005363,0.00819535
2013-12-30,-0.00013092,0.00045707,0.00096654,-0.00454521,-0.00304739,0.00182539,0.00273037,-0.00519366
2013-12-31,0.00345801,0.00111904,0.00022046,0.0002834,-0.00792402,-0.00162954,-0.00191249,-0.00014777
2014-01-02,-0.00485882,-0.0020805,0.00116694,0.00465144,0.00227975,-0.00015823,-0.00221525,-0.0032776
2014-01-03,-0.00997649,-2.985e-05,-0.00063832,-0.0004404,0.00569285,-0.0007349,-0.00039999,-0.00269304
2014-01-06,-0.00480208,-0.0021864,0.00031604,-7.563e-05,0.00603488,0.00079252,7.951e-05,0.01126233
2014-01-07,0.00525991,0.00171528,0.00625597,0.00066566,0.00188795,-0.00061621,0.00142657,0.00226581
2014-01-08,7.68e-05,0.00150573,0.00586807,0.00025114,0.00423702,0.00057866,0.00055899,0.00701312
2014-01-09,-0.00042189,0.00015999,0.00522763,0.00104162,0.00250357,0.00499634,0.00569099,0.00433073
2014-01-10,-0.00226803,0.00141576,0.00467226,-0.00321641,0.00196046,0.00403947,-0.00059339,-0.00359538
2014-01-13,-0.01177956,-0.00302938,-0.00709791,-0.00222071,0.00295839,-0.00060699,-0.00146593,0.00068516
2014-01-14,0.01288716,0.00457688,0.00219411,0.00158591,-0.00079667,0.00156105,0.00043127,-0.00387855
2014-01-15,0.01267915,-0.00129408,-0.00114256,0.00101051,0.00454742,0.00103918,0.00040717,-0.00759508
2014-01-16,-0.0031381,0.00175789,0.00842436,6.358e-05,0.00039648,-9.59e-06,0.00130385,-0.00362208
2014-01-17,-0.01002352,-0.00203666,0.00745067,-0.00066027,0.00544011,0.00156508,-0.00123708,-0.0079454
2014-01-21,0.00692136,0.00055496,0.0006172,4.906e-05,-0.00190773,0.00273255,-0.00152125,0.01003053
2014-01-22,0.00226779,-0.00026958,-0.00063773,-0.00073263,-0.01059358,0.00054982,-0.00624298,0.00270289
2014-01-23,-0.0040018,-9.889e-05,0.01522222,0.00030114,-0.00106249,0.00494616,0.00141263,-0.00126826
2014-01-24,-0.01850271,0.00767892,0.01779533,0.00101432,0.00699284,-0.00392169,-0.00154579,-0.01584385
2014-01-27,-0.00107132,-0.00210782,0.0029302,-0.00027529,0.00059964,0.00145609,0.00523556,0.00715509
2014-01-28,-0.00716321,-0.00143958,0.00175479,-0.00079642,-0.01109702,0.00085144,0.00056395,-0.00856116
2014-01-29,-0.01169552,0.00446148,0.0031988,0.00066245,0.00338131,-0.00102378,0.00022993,-0.00204122
2014-01-30,0.01897947,0.00212485,0.01373468,0.00301468,0.007624,0.00632152,-0.00015232,0.0129754
2014-01-31,-0.01480653,-0.00491586,0.00386838,0.00435206,0.00795136,0.0051675,-0.00641794,0.00039444
2014-02-03,-0.02079903,-0.00245276,-0.00821279,-0.0014973,0.0094437,-0.00329948,0.00422725,-0.00480309
2014-02-04,0.00140772,0.00952432,0.00826715,-0.0019361,-0.00251415,0.00391102,0.00470445,0.0001094
2014-02-05,0.00036269,-0.00513817,-0.0008351,-0.0011429,-6.874e-05,0.00177643,-0.00161735,0.00411079
2014-02-06,0.01117866,0.00884515,0.01935386,-0.00125436,0.00549417,0.00226283,-0.00818005,0.01377782
2014-02-07,0.01434587,-0.00712689,0.01194489,0.00156286,-0.00181898,0.00684966,0.00044695,0.01409148
2014-02-10,0.00543799,0.00154346,0.00637534,0.00275451,0.00686436,-0.00145931,-0.00030565,0.00134347
2014-02-11,0.01159005,0.00015457,0.01422608,-0.00178841,0.00311709,-6.815e-05,-0.00047549,0.0048336
2014-02-12,-0.00311675,-0.00051477,0.00332958,-9.617e-05,0.00215862,-0.00513064,0.0009693,-0.00943252
2014-02-13,0.01715144,-0.00029153,0.00881748,0.00148805,0.00694785,0.00147333,0.00599503,0.01119019
2014-02-14,0.01212299,0.00020602,0.00917846,0.00026898,0.00018007,-0.00305228,-0.00133628,-0.0027892
2014-02-18,-0.00046659,-0.00061764,0.00373655,-0.00142429,-0.00911683,0.00542258,0.00080275,0.0061604
2014-02-19,-0.0158692,0.00875201,0.00163218,-0.00065723,-0.00196398,-0.00521264,0.00231963,0.00118425
2014-02-20,0.00440496,-0.00099419,0.00347666,0.00143127,0.00210267,-0.00104524,-7.277e-05,0.00276813
2014-02-21,-0.00594533,0.00050343,0.00420785,-0.00196058,0.00290375,0.00424189,0.00120129,-0.00326408
2014-02-24,0.0092203,0.0008283,0.00639059,-0.00010601,0.00465795,0.00063698,0.00096469,0.00058538
2014-02-25,0.00308764,-0.00010983,-0.00070615,0.00154922,-0.00221478,0.00441791,-0.00051976,-0.00868648
2014-02-26,0.00308344,0.00090275,0.0044203,0.0015239,0.00448353,-0.00146378,-0.00324868,-0.00728079
2014-02-27,0.00361046,0.00073006,0.00325402,-8.197e-05,-0.00481259,-0.00414335,0.00231038,-0.00223295
2014-02-28,0.00545896,-0.00225123,0.00560187,0.00127372,0.01039068,0.00402305,0.0007961,0.00054242
2014-03-03,-0.0103774,-0.00399024,-0.01255873,0.0047382,0.00048363,0.00453966,0.00285068,0.00304349
2014-03-04,0.01259895,0.00116895,0.0073776,-0.00093387,0.00087957,0.00269617,-0.00044005,-0.00174856
2014-03-05,0.00759648,0.00122834,-0.00116232,0.00046192,-0.00379399,0.00465091,-0.00035946,-0.01076647
2014-03-06,-0.00123055,-0.00165066,0.00278333,-0.00349109,-0.00041598,0.00387858,0.001402,-0.00208148
2014-03-07,-0.00239628,0.00183779,-5.042e-05,0.0028514,0.00156808,-0.00565564,-0.00019493,-0.00166078
2014-03-10,0.00088254,-0.00214669,-0.00143534,0.00246216,0.00118401,-0.00152009,0.00029221,0.00999648
2014-03-11,-0.00432618,-0.00040252,0.00099128,0.00072458,0.00233171,0.00013956,0.00089511,-0.00258149
2014-03-12,0.00203572,0.00023257,0.00223108,0.00116494,0.00464215,0.00202706,-0.00058806,0.00287055
2014-03-13,-0.011845,0.00128677,0.00172518,0.00219997,0.00487748,-0.00148826,-0.00024953,0.00221613
2014-03-14,-0.00738638,-0.0004621,0.00046404,-0.00132701,0.00088855,0.00519201,0.00069393,-0.00337472
2014-03-17,0.00712365,0.00240361,0.00313245,-0.00048478,8.222e-05,0.00021582,-0.00103483,0.00748484
2014-03-18,0.00719521,0.00168114,0.00548401,0.0002158,-0.00210788,-0.00235459,-0.00088456,-0.00532164
2014-03-19,-0.00483637,0.00092789,-0.00135928,0.00273436,-0.00047455,-0.00326006,0.00092841,-0.00893208
2014-03-20,0.00720403,0.0005181,-0.00110648,0.00335044,0.00325569,-0.00080012,-0.00045537,-0.00747188
2014-03-21,-0.01503233,-0.0008897,0.00777365,-0.00359608,-0.00468516,0.00119221,0.00211405,0.00735921
2014-03-24,-0.00094077,-0.00169633,0.00157235,-0.00354996,0.00385283,-0.00240179,0.00081635,-0.00148542
2014-03-25,0.00784408,-0.00011712,0.00234328,-0.00206925,-0.00373372,0.00048229,-0.00072956,0.00796663
2014-03-26,-0.00459147,0.00016466,0.00944233,-0.00327011,-0.00103913,0.00058298,0.00124327,0.00066123
2014-03-27,-0.00897858,-0.00025226,-0.0005324,-0.00351403,0.00043814,-0.00356718,-0.00169792,0.00151293
2014-03-28,0.00205233,1.79e-06,0.0024597,-0.00078919,-7.588e-05,0.00030284,-0.00137178,-0.00648578
2014-03-31,0.01005532,0.00120934,-0.00178839,0.00152747,-0.00402421,-0.00590503,0.00031131,-0.00179609
2014-04-01,0.01406845,0.00082754,-0.00104077,5.329e-05,-0.00028255,0.00828712,0.00125044,0.0079265
2014-04-02,0.00478532,0.00044859,0.00083876,0.00051471,-0.00387814,-0.00278482,-0.00071484,-0.00083505
2014-04-03,-0.01445661,-0.00016051,0.00784745,0.00085304,-0.00027946,0.00952586,-0.00234678,-0.00154532
2014-04-04,-0.0193978,0.00382909,0.00497633,-0.00427428,-0.00567361,-0.00300118,0.00296386,0.00158551
2014-04-07,-0.01165362,-0.00268975,0.00263265,-0.00415994,0.00046135,-0.00788917,0.00026702,0.00533981
2014-04-08,0.00535551,-0.00196137,-0.00046033,0.00138114,0.00106301,0.0006237,-0.00257445,-0.00391157
2014-04-09,0.01265782,0.00067695,-0.00841082,0.00028394,0.00032838,0.00352701,0.00697909,0.0073193
2014-04-10,-0.03165596,0.00428062,0.01245786,-0.0031961,-0.00871199,-0.00199777,0.00243538,-0.00385036
2014-04-11,-0.00832719,-0.00095321,0.00155078,-0.00230215,-0.00681548,1.157e-05,-0.00308404,0.00012257
2014-04-14,0.0121071,-0.00042401,0.00125291,0.00207243,-0.00111658,0.0032285,-0.00187884,-0.0028169
2014-04-15,0.00402491,-0.00368642,0.0051587,0.00565906,0.00333596,0.00295048,-0.00022753,-0.01770069
2014-04-16,0.01288334,-0.00177836,0.00401512,-7.482e-05,0.00454762,0.0038664,0.00035674,0.01230347
2014-04-17,0.00104919,4.217e-05,0.00210384,-0.00184161,-0.00444943,-0.00039424,-0.00054493,-0.01126617
2014-04-21,0.00613253,-0.0002999,0.0041108,0.00163675,0.00265377,0.00179053,-0.00178839,0.00528721
2014-04-22,0.01197017,-0.00037951,0.00326698,0.0010431,-0.00099665,0.00010588,-0.00484768,-0.00028355
2014-04-23,-0.00180348,0.00047447,0.00090092,0.00037512,0.00190117,-9.892e-05,0.00086288,-0.00148008
2014-04-24,0.01061524,-0.0003722,0.00332306,0.0008163,0.00153422,-0.0029106,-0.00088476,0.00658807
2014-04-25,-0.01341876,0.00015908,0.01216292,-0.00123453,-0.00110354,-0.00159626,0.00227267,0.0038555
2014-04-28,0.00412428,9.828e-05,0.00629335,0.00014804,0.00301014,0.0021711,-0.00162302,0.01090738
2014-04-29,0.00355976,3.322e-05,0.00146885,-0.00074149,-0.00083958,0.00013003,0.00029114,-0.00010978
2014-04-30,0.00099622,-0.0003246,0.00170017,0.00256821,-0.00260242,-0.00250584,-0.00022547,0.00633827
2014-05-01,0.00093348,-4.319e-05,0.00677738,-0.00116133,0.0038803,0.00453042,0.00187631,0.00469709
2014-05-02,-0.00187144,0.00157527,0.00102738,-0.00054622,-0.00550109,-0.00093562,-0.00156605,-0.01477661
2014-05-05,0.00239415,-0.00084546,0.00339499,0.00145279,0.00575844,0.00068506,-0.00252368,0.00477048
2014-05-06,-0.00856429,0.00040763,-0.00029368,-0.00396128,-0.00242168,0.00432325,-0.00446182,0.0098521
2014-05-07,0.01129022,0.00239325,0.0062292,0.00197442,-0.00297508,0.00048591,-0.00127215,-0.00447772
2014-05-08,-0.00477018,-0.00196217,0.00128691,-0.00023933,0.00537549,-0.00198283,0.0007222,-0.00595866
2014-05-09,0.00322654,0.00031604,0.00096393,0.00117678,0.00329307,-0.00458433,0.00282859,0.00190983
2014-05-12,0.01031132,-0.00082988,0.00200639,0.0009797,0.00147956,0.00373113,-0.00285108,0.01232674
2014-05-13,-0.001194,-0.00030454,-0.00184326,-0.00018028,-0.00434872,0.00130398,0.00757048,0.00016657
2014-05-14,-0.00612346,0.00038866,0.00453572,-0.00222687,0.00153769,0.00160058,-0.00063044,-0.00248059
2014-05-15,0.0007075,-0.0025196,0.00273156,-0.00203806,0.00010056,1.561e-05,0.00036697,0.00929924
2014-05-16,0.00363792,0.00082292,0.00236281,0.0001551,0.00211277,0.00337958,0.00090569,0.00296655
2014-05-19,0.00587263,-0.0011008,0.00202388,0.00204957,-0.00393671,0.00108508,-0.00102734,0.00581001
2014-05-20,-0.00096147,0.00079927,-0.0017091,-9.17e-05,-0.00341673,-0.00236337,0.00087372,0.01029855
2014-05-21,0.01040835,-0.00026342,0.00779292,0.00080379,0.00246992,-0.00399856,-0.00138061,0.00512943
2014-05-22,0.0027846,-3.468e-05,0.0025465,-5.69e-06,-0.00036752,0.00377029,-0.0011473,-0.00422337
2014-05-23,0.00448731,0.00028712,0.00295075,0.00110115,0.00192694,0.00195344,0.00271739,0.00723326
2014-05-27,0.00649751,0.00081687,0.00543772,0.00137658,-0.00098168,-0.00265744,-0.00098776,-0.00226157
2014-05-28,0.0007259,6.769e-05,0.00077234,0.00046734,0.00200676,0.00423692,-0.00070087,-0.00631182
2014-05-29,0.00451151,0.00043945,0.00150776,0.00038887,-0.00088657,0.00382881,0.00065325,-0.00188162
2014-05-30,0.00346993,0.00169556,0.00132746,0.00191227,0.00617728,-0.00054081,-0.00063347,0.00453618
2014-06-02,0.00067666,-0.00166522,0.00445226,-0.00085123,-0.00239493,0.00363735,0.00151421,0.00362997
2014-06-03,0.00047058,0.00149141,0.00109737,0.00012156,0.00977102,-0.00110609,0.00047685,-0.00551092
2014-06-04,-0.00283146,-0.00022453,0.00209517,0.00155674,0.00741879,-0.00097044,-0.00121285,-0.00118627
2014-06-05,0.00786483,-0.00107262,-0.00097583,7.458e-05,-0.00424727,0.00225796,-0.00094234,0.00088571
2014-06-06,0.00747324,-0.00036963,0.00107978,-0.00045348,-0.00673828,-0.00032402,-0.00069778,-0.00355946
2014-06-09,-0.00280844,0.000203,0.00410049,0.00011521,-0.00596711,-0.00271219,0.00042091,-0.00239362
2014-06-10,-0.00230084,0.00108228,0.00396347,0.00040796,0.00366804,-0.00215997,0.00113798,0.00880418
2014-06-11,0.00113417,0.00013433,0.00042563,0.00034906,0.003154,0.0015812,0.00040786,0.00343454
2014-06-12,-0.00407708,0.00127143,-0.0003264,-0.0032213,0.0013037,-0.0020209,-0.00051233,-0.00965517
2014-06-13,0.00034299,0.00316075,0.00232814,0.00103645,-0.00409461,0.00199985,0.00202017,-0.01101138
2014-06-16,-0.0036135,-0.0008895,-0.00010251,0.00079593,0.00082984,0.00494538,-0.00359375,-0.01349449
2014-06-17,0.00029731,0.0011831,-0.00119693,0.00138927,-0.0004596,0.00256367,0.00185759,-0.00536138
2014-06-18,0.00254218,0.00203485,0.00344231,-0.00022022,0.00346427,0.00363769,0.00131133,-0.00147673
2014-06-19,0.00305158,-0.00278335,0.00463802,-0.0006105,-0.00101507,0.00366909,-0.00390117,0.00659119
2014-06-20,0.00577173,-3.884e-05,0.0013096,-0.000907,0.00491152,0.00584674,0.00095082,0.00561102
2014-06-23,-0.00356117,0.00229311,7.383e-05,0.00121257,-0.00507248,-0.00047603,-0.00095234,-0.00118853
2014-06-24,-0.00476072,-0.00097004,0.00260088,0.00013583,-0.00456036,-0.00377697,0.00063668,0.00127869
2014-06-25,0.0026818,-0.00031838,0.00038535,0.00990128,-0.00323631,-0.00572649,-0.00113039,0.0020865
2014-06-26,0.00209789,0.00153973,0.00176707,-0.00049427,-0.00215304,0.00300547,-0.00080518,0.00329381
2014-06-27,0.00358393,0.00057036,0.00075496,0.00055095,-0.00517564,0.00055327,-0.00037283,0.00504265
2014-06-30,0.00017818,0.00013011,-0.00047668,-0.00115612,0.00317,-0.00744887,0.00187591,-0.00282
2014-07-01,0.0104153,0.00034777,0.00311372,-0.00035843,0.00188271,0.00140889,-0.00102523,0.00213827
2014-07-02,0.00659648,-0.00176209,0.00048035,-0.00864731,0.003757,0.00028831,-0.00112634,-0.00264756
2014-07-03,0.00774602,0.00075769,0.00048166,0.00122787,0.0005071,-0.00336953,0.0050608,0.00618434
2014-07-07,-0.002578,-0.00088492,0.00214166,0.00073952,-0.0019753,0.00094219,-0.00050763,0.00546527
2014-07-08,-0.00674987,0.0004358,0.00325575,0.00063807,0.00216884,-0.00467725,0.00039505,0.00921117
2014-07-09,-0.00020718,-0.00210608,-0.00021951,0.00065754,-0.00437223,-0.00067308,-0.00303299,0.00183583
2014-07-10,-0.00336466,0.00221954,0.00351513,0.00224565,0.00303461,0.00242948,0.00550847,-0.00062851
2014-07-11,0.00455735,0.00031127,-0.00042364,0.00031934,0.00063599,0.00691234,0.0003623,-0.00178039
2014-07-14,0.00396551,-0.00038801,-0.00143814,-0.00064271,-0.00302753,-0.00267525,0.00121171,0.00061082
2014-07-15,-0.00168589,0.00029946,0.00405652,-4.398e-05,0.00594986,0.00524929,-0.00048388,0.00685555
2014-07-16,0.00760989,0.00027385,-0.0013842,-0.00056635,-0.010352,-0.00175574,-0.00023426,-0.00949604
2014-07-17,-0.00860615,0.00711156,0.00736593,0.00051419,0.00175194,-0.00215491,0.00113275,-0.0040397
2014-07-18,0.00948652,0.00427792,-0.00157848,0.00078563,0.01698219,0.00255551,-0.00474288,0.01645603
2014-07-21,-0.00336282,-0.00068408,0.0004412,1.935e-05,0.00182264,-0.00188663,8.442e-05,-0.00780771
2014-07-22,0.00092467,-0.00088838,0.00122275,-0.00017596,-0.00475208,0.00046309,-0.00503646,0.00036632
2014-07-23,0.00255718,-0.00044029,0.00511462,0.00050881,0.00737694,-0.0011255,-0.00177647,0.01289349
2014-07-24,-0.00787979,-0.00064024,0.00429657,-0.0012046,0.00189279,0.00155947,0.00125244,0.00039275
2014-07-25,-0.0023278,6.92e-05,0.0035383,-0.00066185,0.00203071,0.00369712,-0.00044804,-0.00412856
2014-07-28,-0.00017165,0.00041971,0.00280813,-0.00033124,0.00267757,-0.00508081,0.00177825,0.00136778
2014-07-29,-0.00027255,-0.00029295,0.00204356,-0.00060723,0.00312007,0.00284498,0.00208862,-0.01115038
2014-07-30,0.00226031,-0.00098611,0.00737981,0.00090451,0.00129487,-0.00128202,0.00120571,-0.01296315
2014-07-31,-0.01983101,0.00243643,0.00677707,-0.00025771,0.00732114,0.00569927,0.00175647,-0.00360606
2014-08-01,-0.00342597,-0.00149824,0.00210635,0.00023055,0.00828063,-0.00358989,0.00365062,-0.00197652
2014-08-04,0.0059181,0.00785589,0.00057631,0.00092033,0.00172627,0.00274565,-0.00180749,0.00734928
2014-08-05,-0.008559,0.00297393,-0.00046305,0.00081347,0.00147254,-0.00127831,0.00183456,-0.00345143
2014-08-06,0.00719307,0.0024404,0.00380307,0.00132827,0.0065526,-0.00083853,-0.00665917,-0.0011682
2014-08-07,-0.00359828,-0.00181773,-0.0010482,0.00055599,-0.00500547,0.00130448,-0.00066398,-0.00137756
2014-08-08,0.0102077,0.00242522,0.00631636,0.00269562,0.00820437,-0.00078211,0.00175673,-0.00153446
2014-08-11,0.00412233,-0.00844384,0.00287963,-0.00108431,0.00165475,0.00388559,-0.00518311,0.00143197
2014-08-12,0.00128995,0.00051971,0.00022501,-0.00035872,0.0027966,0.00120683,-0.00034905,0.0019205
2014-08-13,0.01004968,-0.00086465,0.00541365,0.00135901,-0.00209143,0.0002888,0.00492679,0.00263439
2014-08-14,0.00559914,0.00091928,0.00450753,0.00035772,0.00086874,-0.00063561,0.0005441,-0.00157996
2014-08-15,-0.00250256,-0.00104995,-0.00058874,0.00037877,0.03219902,0.00483642,-0.00193251,0.0163269
2014-08-18,0.01116942,-0.00326844,0.00370348,0.00101813,-0.00955335,0.00082693,-0.00015911,-0.00467018
2014-08-19,0.00355436,0.00114026,0.00247411,0.0014628,0.0093065,-6.37e-06,0.00115799,-0.00061817
2014-08-20,0.00296671,-0.0014338,0.00137439,0.00218213,0.00184661,0.0007371,-0.00196248,-0.00202119
2014-08-21,0.00406702,-0.00012637,0.00090421,0.00025903,-0.00583685,-0.00267558,0.0002498,-0.00905928
2014-08-22,-0.00607251,0.00022835,-0.00078294,0.0010373,0.01835352,0.00164781,0.00067196,-0.00398207
2014-08-25,0.00385755,0.00017801,-0.00160282,-0.00034231,-0.00373624,0.00018712,-0.00029808,0.00331559
2014-08-26,0.00170839,0.00097567,-0.00271956,-0.00019727,-0.00367352,-0.00065933,-0.00059077,-0.00180715
2014-08-27,-0.00113555,-0.0003061,0.00254374,-0.00110915,0.00262523,-0.0034618,-0.0011418,0.00148951
2014-08-28,0.00087893,0.00094024,0.00314052,0.00194841,0.00489837,-0.00127258,0.0002958,-0.00112339
2014-08-29,0.00287831,6.212e-05,0.00010262,0.00171925,-0.00179664,0.00018916,-0.00135867,0.0007169
2014-09-02,-0.00159669,-0.00063158,0.0018171,-0.00124995,0.00126007,0.00322545,0.00317312,0.00826394
2014-09-03,0.00215009,0.00063582,-0.00190674,-0.00385894,0.00075252,-9.64e-06,0.00062929,-0.00395446
2014-09-04,-0.00092226,-0.00183527,0.00345988,0.00118488,0.00106514,0.00026628,-0.00013254,-0.00564348
2014-09-05,0.00694638,0.00196195,-0.001231,0.00130346,-1.142e-05,0.00151977,0.00089022,0.00559156
2014-09-08,-0.00273711,-6.022e-05,0.00148364,0.00290112,0.00154637,-0.00165274,-0.00294521,-0.00696467
2014-09-09,-0.00406923,0.00134946,0.0004208,-0.0010106,-0.00184304,-0.00136319,0.00087046,-0.00263128
2014-09-10,0.00590428,-0.0011844,0.0024004,0.00053656,-0.0019182,-0.00040674,-0.00112636,-0.00062188
2014-09-11,0.00335669,-0.00015369,0.00042607,0.00287621,-0.00400709,0.00014958,0.0002576,0.00408432
2014-09-12,-0.00235379,0.00162568,0.00691102,-0.0012304,-0.00077464,-7.067e-05,0.00148648,-0.00214139
2014-09-15,-0.00246191,-0.00191171,0.00279012,0.0007341,0.00350963,0.00036489,0.00103922,0.0003857
2014-09-16,0.00887994,0.0041018,0.00067243,0.00128416,0.0001978,0.00293439,-0.00027511,0.00523549
2014-09-17,0.00929276,-0.00078988,0.0018268,0.00357776,-0.00126725,-0.00035226,-0.00043631,0.00784981
2014-09-18,0.00646227,0.00058378,0.00775684,-6.608e-05,0.00074081,0.00091793,-0.00024033,0.00449725
2014-09-19,0.0024398,0.00012346,-0.00013954,-0.00071101,0.00070113,0.00649324,-5.396e-05,0.00705971
2014-09-22,-0.00831818,0.00037591,0.00482546,-0.00136241,0.00463697,-0.00382177,0.00180885,7.862e-05
2014-09-23,-0.00522126,0.00085119,0.00135148,0.0005976,0.0011871,0.00124031,0.00163109,-0.0036325
2014-09-24,0.0102673,0.00464461,0.00186703,0.00175393,-0.00031831,0.00352153,0.00024202,-0.00151762
2014-09-25,-0.01952049,0.00331811,0.00348665,-0.00137695,0.00048572,-4.202e-05,0.00237115,0.00212731
2014-09-26,0.01671615,-0.00049284,-0.00444624,0.00213529,-0.00164457,0.0037285,-0.00144554,0.00248632
2014-09-29,-0.00088931,0.00023166,0.00319516,0.00343739,0.00276823,-0.00324153,-0.00101598,0.00024072
2014-09-30,0.00061604,0.00262632,0.00196501,-0.00199278,0.00452312,-0.00194212,-0.00168363,0.00036863
2014-10-01,-0.01246662,-0.00421564,0.00407387,-0.00120149,-0.0004619,0.00097687,0.0025441,0.01787191
2014-10-02,-0.00021589,0.00454838,0.00585936,0.00278147,0.00117619,0.00012423,0.00115443,-0.00095406
2014-10-03,0.01199904,-0.00582545,0.00760078,0.00428382,0.00531003,0.00113555,0.00208873,0.00107632
2014-10-06,-0.00565298,0.00167357,0.00145831,-0.00372605,-0.00067331,-0.00175463,0.00046371,-1.61e-05
2014-10-07,-0.01393573,-0.00051405,0.00016393,-0.00144661,0.00544679,0.00207576,-0.00227628,0.00600733
2014-10-08,0.0176877,0.01302964,0.00894699,0.00244771,0.00601684,-0.00034947,0.00783554,0.00155248
2014-10-09,-0.01855068,0.01768374,0.00748114,-0.00048801,0.00654676,-0.00427267,0.00551984,0.0022639
2014-10-10,-0.02154326,0.00536477,0.00229585,0.00091883,0.01258338,-0.00269156,0.00306689,0.01487467
2014-10-13,-0.01540428,0.00170032,-0.00406638,-0.00818009,0.0033814,-0.00993707,0.00641423,0.02156102
2014-10-14,-0.00030031,0.0213271,0.01032558,-0.00022999,0.00055239,-0.00140625,0.00359474,0.0020525
2014-10-15,-0.00707888,-0.02416167,-0.00655927,-0.00050071,-0.00506337,0.00687502,-0.00229406,-0.01688339
2014-10-16,-0.00525044,0.03342042,-0.00377694,0.00313252,-0.00942196,0.00305491,0.00069355,-0.00396038
2014-10-17,0.01692431,-0.0125691,0.01599799,-0.00052765,0.00206807,0.0049037,0.00274329,-0.00598769
2014-10-20,0.00758094,0.01134831,0.01772105,0.00253081,0.0022607,0.00819272,-0.00088477,-0.00083188
2014-10-21,0.02579027,-0.00359858,0.03448193,0.00538943,-0.0012338,0.00249443,-0.00742925,0.00171138
2014-10-22,-0.00335063,0.00726579,-0.00715958,-0.00051043,0.00956114,-0.00615878,0.00365003,0.00979411
2014-10-23,0.0134176,0.00318806,0.0201048,0.00244918,0.00728733,-0.0027004,-0.00574129,0.00465518
2014-10-24,-0.00603846,-8.832e-05,0.01045999,0.00116613,0.00506934,-0.00014987,-0.00085092,-0.00326323
2014-10-27,0.00075955,0.00023916,-0.00111823,0.00116425,0.00314253,-0.00395272,-1.109e-05,-0.00016209
2014-10-28,0.01429902,-0.00058439,0.01988043,0.00018726,-0.0046743,-0.0005356,0.00128558,-0.00816949
2014-10-29,-0.00260581,0.00360969,-0.00147465,0.00153668,0.00236212,0.00502358,-5.324e-05,0.00598049
2014-10-30,0.00627102,0.00145186,0.01400926,0.00017402,-0.0018128,0.00029307,0.00278451,-0.00310059
2014-10-31,0.01827955,-0.00067588,0.01328879,0.00174909,0.00043344,-0.00020981,-0.00011409,-0.01079727
2014-11-03,0.00109094,0.00030266,0.00037482,0.0031232,0.00507207,0.00565269,0.00142766,0.00370746
2014-11-04,-0.00132526,-0.00176559,-0.00201765,1.311e-05,0.00629427,-0.00726904,0.00135611,-0.00163676
2014-11-05,-0.00781068,-0.00078116,0.00876394,0.00304405,-0.0050686,-0.0042418,-0.00110619,0.0053206
2014-11-06,0.00558883,0.00096269,0.00778637,0.00452664,-0.00258866,-1.327e-05,-0.00610541,-0.00600343
2014-11-07,0.00314192,-0.000557,-0.00018082,1.916e-05,0.00390787,-0.00300338,-0.00561898,0.00465703
2014-11-10,0.0076202,0.00051479,0.007651,-0.00013956,0.00323722,-0.00119328,0.00182048,0.00645746
2014-11-11,0.00936031,0.00037179,-0.00270342,-0.00134219,-0.00127804,0.00051459,0.00062393,0.00357633
2014-11-12,-0.00122391,-0.00048837,0.00088793,0.00227686,0.00080228,0.00049693,-0.00060552,-0.01374212
2014-11-13,0.00100743,0.00219085,0.0018369,-0.00055263,0.00333347,0.01164265,0.00071085,0.01035174
2014-11-14,0.00134421,-4.026e-05,0.00281715,-0.00113752,-0.00759579,0.00694582,0.00655503,-0.00507056
2014-11-17,-0.00757448,-0.00099145,0.0032056,0.00253097,0.00481181,-0.0063061,-0.00196643,-0.00111369
2014-11-18,0.01559564,0.0003971,0.00442734,-0.00082688,-0.00239249,0.00256695,-0.00066497,-0.00223059
2014-11-19,-0.00614118,-0.00083161,-0.00199795,-0.00012593,-0.00066922,0.00224829,-0.00173442,0.00482441
2014-11-20,-0.0016716,-0.00023501,0.00069566,0.00278009,-0.0039339,0.00029459,-0.00052172,0.00590922
2014-11-21,0.00266083,-0.00111147,0.00268898,-0.00229878,-0.00185961,0.00213644,-0.00203493,0.00381709
2014-11-24,0.00390682,0.00157362,0.00413027,0.00050201,0.00192279,0.00042486,0.00376599,0.00385594
2014-11-25,0.00417193,-0.00027263,0.00080104,-0.0002234,-0.00035393,-0.00068623,0.00174173,0.00780788
2014-11-26,-0.00138178,-0.00045192,0.00433513,-0.00072067,0.00369064,-8.271e-05,-0.00141286,0.00224839
2014-11-28,0.0028627,0.00043801,0.01718782,0.00277956,0.00996639,-0.01135701,0.00621329,0.00258125
2014-12-01,-0.004075,-0.00397071,0.00203902,-0.00172679,0.00604851,-0.00767566,0.0060123,0.00097012
2014-12-02,0.00720151,0.00690334,-0.00338346,0.00220436,-0.00230418,0.00236228,-0.00250913,0.0099964
2014-12-03,-0.00324113,0.00228832,-0.0012321,0.00191246,-0.01299661,0.00432557,-0.00102187,-0.01397784
2014-12-04,0.00470762,-0.00016174,0.00540956,0.00046354,0.00493177,0.00177482,-0.00107497,0.00705204
2014-12-05,0.0028008,-0.00121999,-0.00043075,-6.731e-05,-0.0020577,-0.00127336,-0.00085154,-0.00171868
2014-12-08,-0.00500036,0.00364087,0.0100175,0.00068009,0.0083215,-0.00354262,0.00750332,0.01466063
2014-12-09,0.00514448,-0.00889577,-0.00252828,0.00215924,-0.00424066,0.00787016,-5.56e-05,-0.00125982
2014-12-10,-0.01473999,0.01038889,0.00811177,-0.00302517,0.0082458,-0.00079932,0.00454514,0.00116174
2014-12-11,0.00368429,-0.0006482,0.00142574,0.00332473,0.00272833,-0.00160959,0.00092665,0.00340265
2014-12-12,-0.01044997,-0.00442154,0.00696701,-0.0010848,0.00252728,0.00572759,0.00285946,-0.00411437
2014-12-15,-0.00836354,0.00214738,-0.00391275,0.00271468,-0.00170803,0.00070522,0.00128466,0.00064774
2014-12-16,-0.02138486,-0.00025566,-0.0026052,-0.00491287,-0.00384391,0.00300449,-0.00025572,-0.0092399
2014-12-17,0.01624336,0.02400593,0.01217358,0.00642389,0.0027571,0.00432344,-0.00241531,-0.0115279
2014-12-18,0.021564,-0.00682727,0.0189577,0.00524793,-0.00189231,-0.00617766,-0.00140203,0.00408074
2014-12-19,0.01272109,0.00297785,0.00545052,-0.0011928,-0.00748012,0.0065653,0.00146429,0.00262196
2014-12-22,-0.00982617,-0.00185153,0.00978164,0.00013788,0.01758695,-0.0001774,-0.0011514,0.01140332
2014-12-23,-0.00241327,0.0017068,-0.00294535,0.00213812,-0.00283638,-0.00032724,-0.0001439,0.00427468
2014-12-24,3.784e-05,-0.00075498,0.0020869,-0.00388943,0.00234475,0.00045795,0.00110504,-0.00014765
2014-12-26,0.01241356,0.00099984,0.00301704,0.00010847,0.00234715,0.00283986,-0.00026858,0.00406546
2014-12-29,0.00761325,0.00095922,-0.00081014,0.00286249,-0.00098582,0.00260359,-0.00138414,0.0039235
2014-12-30,-0.00964967,0.00188397,-0.00307523,-0.00032152,-0.00288602,-0.00771912,0.00094416,-0.00125506
2014-12-31,-0.00911578,0.00735147,-0.00451042,-0.00303483,0.00193387,-0.00211251,0.0004815,-0.00904577
2015-01-02,-0.00056915,-0.00587692,-0.00019755,0.00180929,-0.00201118,-0.00055182,-0.00497835,-0.00162967
2015-01-05,-0.00938887,0.00354064,0.00742773,-0.00080155,0.00647652,-0.0079971,0.00280908,0.00153117
2015-01-06,-0.0143627,-0.00313872,-0.00119509,-0.00132791,0.00479292,-0.00127455,0.0049328,-0.0024823
2015-01-07,0.01350281,-0.00264977,0.01733055,0.0012865,0.01162497,0.00103776,-0.00033188,-0.0021615
2015-01-08,0.01794166,0.00137475,0.01830992,0.0035518,0.00449409,0.0038244,-7.62e-05,-0.00519069
2015-01-09,-0.00858054,0.00185927,0.00039653,-0.00227041,-0.00231144,0.00298694,0.0036974,0.00932946
2015-01-12,-0.00829509,-0.00095857,0.00031621,-0.00220229,0.0036583,-0.00829766,0.00597853,-0.00039381
2015-01-13,-0.00392693,-0.0020969,0.00395931,-0.00305277,0.0064982,0.00388963,0.00222768,0.00565792
2015-01-14,0.0011089,-0.00796204,0.0029107,-0.00177418,0.00160952,0.00694258,-0.00188643,0.00767229
2015-01-15,"","","","",0.00147623,0.00059092,0.00364024
2015-01-16,"","","","",0.0026969,-0.00331729,0.00710687
2015-01-20,"","","","",-0.00287498,-0.0006686,0.00880166
2015-01-21,"","","","",-0.01051539,-0.00396287,0.00280418
2015-01-22,"","","","",0.00204272,-0.0054447,0.00130514
2015-01-23,"","","","",0.0003523,0.0019501,-0.00017131
2015-01-26,"","","","",0.00166316,-0.00065804,0.00184636
2015-01-27,"","","","",0.00136844,0.00324652,0.0083827
2015-01-28,"","","","",-0.00507003,0.00264885,0.00457689
2015-01-29,"","","","",0.00438211,0.00335867,-0.00212826
2015-01-30,"","","","",0.00111463,0.0009173,0.00855564
2015-02-02,"","","","",-0.01302271,-0.00128234,-0.00342057
2015-02-03,"","","","",0.00427482,-0.00372073,-0.00695
2015-02-04,"","","","",-0.00647141,0.00320632,-0.0123697
2015-02-05,"","","","",-0.00367119,-0.00173589,-0.01173975
2015-02-06,"","","","",0.01899979,-0.0013224,-0.02147236
2015-02-09,"","","","",-0.00208869,0.00057747,-0.01198836
2015-02-10,"","","","",0.00249196,0.00133014,0.01225256
2015-02-11,"","","","",-0.00170357,-0.00492618,-0.00367857
2015-02-12,"","","","",-0.00254224,-0.00401722,0.00150891
2015-02-13,"","","","",-0.00286168,-0.00117719,-0.00869859
2015-02-17,"","","","",-0.0028248,-0.00079378,0.00109415
2015-02-18,"","","","",0.00111143,0.00133652,0.00520538
2015-02-19,"","","","",-0.0033219,0.00774386,0.00367537
2015-02-20,"","","","",-0.00224406,-0.00149299,-0.00653154
2015-02-23,"","","","",0.00204463,0.00152228,0.00383175
2015-02-24,"","","","",-0.00230515,-0.00059113,0.0055438
2015-02-25,"","","","",-0.00159549,0.00031619,-0.00211253
2015-02-26,"","","","",0.00142477,0.00432364,0.00869896
2015-02-27,"","","","",-0.00061727,-0.0027561,0.00452145
2015-03-02,"","","","",-0.00110093,0.00322103,0.00812312
2015-03-03,"","","","",-0.00171307,-0.00019699,0.00266498
2015-03-04,"","","","",0.00203038,-0.00021144,0.00739987
2015-03-05,"","","","",0.00417114,-0.00020026,-0.0018567
2015-03-06,"","","","",-0.0020318,0.00037788,-0.00208768
2015-03-09,"","","","",0.00530518,0.00215026,-0.00375618
2015-03-10,"","","","",0.00476553,-0.00091997,0.00773768
2015-03-11,"","","","",0.00212277,0.00339593,-0.00336458
2015-03-12,"","","","",0.00397058,0.00081943,0.00697048
2015-03-13,"","","","",0.00232722,0.00105635,-0.0004708
2015-03-16,"","","","",-0.00080607,0.00010056,0.01389108
2015-03-17,"","","","",0.00706502,-0.00031941,-0.00128644
2015-03-18,"","","","",-0.00111311,-0.00204402,0.00841382
2015-03-19,"","","","",0.00485917,0.00050257,0.00309267
2015-03-20,"","","","",0.00302604,-0.0006197,-0.00550071
2015-03-23,"","","","",0.00164131,-0.00187761,0.00247482
2015-03-24,"","","","",-0.0002273,0.00106546,-0.0006757
2015-03-25,"","","","",-0.0060637,0.00072942,0.00481926
2015-03-26,"","","","",-0.0031175,-0.00109647,-0.00427143
2015-03-27,"","","","",0.0059766,0.00096725,-0.00555271
2015-03-30,"","","","",-0.00478616,-0.00165257,0.00795518
2015-03-31,"","","","",-0.00263049,0.00101532,-0.00313679
2015-04-01,"","","","",0.00350229,0.00158031,-0.00345838
2015-04-02,"","","","",-0.00441824,-0.00138253,-0.00505677
2015-04-06,"","","","",-0.00093712,5.802e-05,-0.00485679
2015-04-07,"","","","",0.00068049,3.48e-05,-0.01148272
2015-04-08,"","","","",-0.00288394,-0.00075687,0.00298929
2015-04-09,"","","","",-0.00383959,0.00482783,-0.00682299
2015-04-10,"","","","",0.01048367,-0.00246759,-0.00625621
2015-04-13,"","","","",0.00059984,0.00312033,0.00930095
2015-04-14,"","","","",-0.00329506,-0.00103758,-0.00042992
2015-04-15,"","","","",-0.00350097,-0.00195579,-0.00601881
2015-04-16,"","","","",0.00259514,-0.00078845,-0.00569955
2015-04-17,"","","","",0.0058707,-6.212e-05,0.00080771
2015-04-20,"","","","",-0.0028658,6.156e-05,0.00960154
2015-04-21,"","","","",0.00249528,-0.00530875,0.00387124
2015-04-22,"","","","",-0.01331545,1.689e-05,-0.00150506
2015-04-23,"","","","",-0.00179888,-0.00159059,-0.00857576
2015-04-24,"","","","",0.00289836,0.00062548,0.00085637
2015-04-27,"","","","",0.00681073,-0.00062128,-0.01227527
2015-04-28,"","","","",-0.00196625,0.00077663,0.01061082
2015-04-29,"","","","",-0.00843689,-0.00109607,-0.00303784
2015-04-30,"","","","",-0.00342329,-0.00153122,-0.01599802
2015-05-01,"","","","",0.00663781,0.00266706,0.0100312
2015-05-04,"","","","",0.00140099,0.00037032,-0.00076471
2015-05-05,"","","","",-0.0040395,-0.00052839,-0.0063595
2015-05-06,"","","","",0.00225911,0.00106495,0.00783192
2015-05-07,"","","","",0.00365977,0.00106088,0.00554698
2015-05-08,"","","","",-0.00612359,-0.00243199,-0.00380115
2015-05-11,"","","","",-0.00149431,0.00284528,-0.00890625
2015-05-12,"","","","",0.00014361,5.636e-05,0.00095893
2015-05-13,"","","","",-0.00164453,-0.01116993
2015-05-14,"","","","",0.00069068,-0.00170857
2015-05-15,"","","","",-0.00042235,0.00107017
2015-05-18,"","","","",0.002635,-0.00165143
2015-05-19,"","","","",0.00217222,0.00025721
2015-05-20,"","","","",-0.003038,0.01709357
2015-05-21,"","","","",-0.00287529,0.00039773
2015-05-22,"","","","",-0.00099399,-0.00038366
2015-05-26,"","","","",0.00119087,0.00183384
2015-05-27,"","","","",0.00047982,-0.00101318
2015-05-28,"","","","",0.00679195,0.00074031
2015-05-29,"","","","",-0.00219838,0.00109312
2015-06-01,"","","","","","",0.00326155
2015-06-02,"","","","","","",-0.00083016
2015-06-03,"","","","","","",0.00221295
2015-06-04,"","","","","","",0.00313341
2015-06-05,"","","","","","",-0.00136743
2015-06-08,"","","","","","",0.00150116
2015-06-09,"","","","","","",-0.00108379
2015-06-10,"","","","","","",0.0016207
2015-06-11,"","","","","","",-0.00074266
2015-06-12,"","","","","","",0.00164232
2015-06-15,"","","","","","",-0.0027228
2015-06-16,"","","","","","",0.00056428
2015-06-17,"","","","","","",0.00040852
2015-06-18,"","","","","","",0.00165863
2015-06-19,"","","","","","",0.00166695
2015-06-22,"","","","","","",-0.00017506
2015-06-23,"","","","","","",0.00047269
2015-06-24,"","","","","","",0.00053514
2015-06-25,"","","","","","",0.001773
2015-06-26,"","","","","","",-0.00012387
2015-06-29,"","","","","","",0.00459652
2015-06-30,"","","","","","",0.00200113
2015-07-01,"","","","","","",0.0051225
2015-07-02,"","","","","","",-0.00145223
2015-07-06,"","","","","","",0.00067652
2015-07-07,"","","","","","",-0.00318932
2015-07-08,"","","","","","",0.00205267
2015-07-09,"","","","","","",-0.00089247
2015-07-10,"","","","","","",0.00747075
2015-07-13,"","","","","","",-0.0031067
2015-07-14,"","","","","","",0.00011945
2015-07-15,"","","","","","",0.00228396
2015-07-16,"","","","","","",0.0004983
2015-07-17,"","","","","","",0.00260179
2015-07-20,"","","","","","",0.0040324
2015-07-21,"","","","","","",0.00107892
2015-07-22,"","","","","","",0.00381239
2015-07-23,"","","","","","",-0.00163027
2015-07-24,"","","","","","",-0.00055017
2015-07-27,"","","","","","",-0.00252219
2015-07-28,"","","","","","",-0.00318071
2015-07-29,"","","","","","",-0.00355983
2015-07-30,"","","","","","",0.00129748
2015-07-31,"","","","","","",0.00096685
2015-08-03,"","","","","","",0.00529309
2015-08-04,"","","","","","",0.00302353
2015-08-05,"","","","","","",0.00837964
2015-08-06,"","","","","","",0.0025994
2015-08-07,"","","","","","",-0.00175328
2015-08-10,"","","","","","",-0.0072054
2015-08-11,"","","","","","",-0.00090943
2015-08-12,"","","","","","",-0.0123204
2015-08-13,"","","","","","",0.0028766
2015-08-14,"","","","","","",-0.00192591
2015-08-17,"","","","","","",-0.00130364
2015-08-18,"","","","","","",0.00075518
2015-08-19,"","","","","","",0.01093923
2015-08-20,"","","","","","",0.00289052
2015-08-21,"","","","","","",0.00069374
2015-08-24,"","","","","","",0.00058198
2015-08-25,"","","","","","",0.01202078
2015-08-26,"","","","","","",-0.00125149
2015-08-27,"","","","","","",-0.0085545
